--------------------------------------------------------
--  ファイルを作成しました - 水曜日-5月-15-2019   
--------------------------------------------------------
--------------------------------------------------------
--  DDL for Sequence MICROPOSTS_SEQ
--------------------------------------------------------

   CREATE SEQUENCE  "ADMIN"."MICROPOSTS_SEQ"  MINVALUE 1 MAXVALUE 9999999999999999999999999999 INCREMENT BY 1 START WITH 31 NOCACHE  NOORDER  NOCYCLE  NOKEEP  NOSCALE  GLOBAL ;
--------------------------------------------------------
--  DDL for Sequence USERS_SEQ
--------------------------------------------------------

   CREATE SEQUENCE  "ADMIN"."USERS_SEQ"  MINVALUE 1 MAXVALUE 9999999999999999999999999999 INCREMENT BY 1 START WITH 11 NOCACHE  NOORDER  NOCYCLE  NOKEEP  NOSCALE  GLOBAL ;
--------------------------------------------------------
--  DDL for Table AR_INTERNAL_METADATA
--------------------------------------------------------

  CREATE TABLE "ADMIN"."AR_INTERNAL_METADATA" 
   (	"KEY" VARCHAR2(255 CHAR) COLLATE "USING_NLS_COMP", 
	"VALUE" VARCHAR2(255 CHAR) COLLATE "USING_NLS_COMP", 
	"CREATED_AT" TIMESTAMP (6), 
	"UPDATED_AT" TIMESTAMP (6)
   )  DEFAULT COLLATION "USING_NLS_COMP" SEGMENT CREATION IMMEDIATE 
  PCTFREE 10 PCTUSED 40 INITRANS 1 MAXTRANS 255 
 NOCOMPRESS LOGGING
  STORAGE(INITIAL 65536 NEXT 1048576 MINEXTENTS 1 MAXEXTENTS 2147483645
  PCTINCREASE 0 FREELISTS 1 FREELIST GROUPS 1
  BUFFER_POOL DEFAULT FLASH_CACHE DEFAULT CELL_FLASH_CACHE DEFAULT)
  TABLESPACE "DATA" ;
--------------------------------------------------------
--  DDL for Table MICROPOSTS
--------------------------------------------------------

  CREATE TABLE "ADMIN"."MICROPOSTS" 
   (	"ID" NUMBER(38,0), 
	"CONTENT" CLOB COLLATE "USING_NLS_COMP", 
	"USER_ID" NUMBER(38,0), 
	"CREATED_AT" TIMESTAMP (6), 
	"UPDATED_AT" TIMESTAMP (6)
   )  DEFAULT COLLATION "USING_NLS_COMP" SEGMENT CREATION IMMEDIATE 
  PCTFREE 10 PCTUSED 40 INITRANS 1 MAXTRANS 255 
 NOCOMPRESS LOGGING
  STORAGE(INITIAL 65536 NEXT 1048576 MINEXTENTS 1 MAXEXTENTS 2147483645
  PCTINCREASE 0 FREELISTS 1 FREELIST GROUPS 1
  BUFFER_POOL DEFAULT FLASH_CACHE DEFAULT CELL_FLASH_CACHE DEFAULT)
  TABLESPACE "DATA" 
 LOB ("CONTENT") STORE AS SECUREFILE (
  TABLESPACE "DATA" ENABLE STORAGE IN ROW CHUNK 8192
  NOCACHE LOGGING  NOCOMPRESS  KEEP_DUPLICATES 
  STORAGE(INITIAL 106496 NEXT 1048576 MINEXTENTS 1 MAXEXTENTS 2147483645
  PCTINCREASE 0
  BUFFER_POOL DEFAULT FLASH_CACHE DEFAULT CELL_FLASH_CACHE DEFAULT)) ;
--------------------------------------------------------
--  DDL for Table SCHEMA_MIGRATIONS
--------------------------------------------------------

  CREATE TABLE "ADMIN"."SCHEMA_MIGRATIONS" 
   (	"VERSION" VARCHAR2(255 CHAR) COLLATE "USING_NLS_COMP"
   )  DEFAULT COLLATION "USING_NLS_COMP" SEGMENT CREATION IMMEDIATE 
  PCTFREE 10 PCTUSED 40 INITRANS 1 MAXTRANS 255 
 NOCOMPRESS LOGGING
  STORAGE(INITIAL 65536 NEXT 1048576 MINEXTENTS 1 MAXEXTENTS 2147483645
  PCTINCREASE 0 FREELISTS 1 FREELIST GROUPS 1
  BUFFER_POOL DEFAULT FLASH_CACHE DEFAULT CELL_FLASH_CACHE DEFAULT)
  TABLESPACE "DATA" ;
--------------------------------------------------------
--  DDL for Table USERS
--------------------------------------------------------

  CREATE TABLE "ADMIN"."USERS" 
   (	"ID" NUMBER(38,0), 
	"NAME" VARCHAR2(255 CHAR) COLLATE "USING_NLS_COMP", 
	"EMAIL" VARCHAR2(255 CHAR) COLLATE "USING_NLS_COMP", 
	"CREATED_AT" TIMESTAMP (6), 
	"UPDATED_AT" TIMESTAMP (6)
   )  DEFAULT COLLATION "USING_NLS_COMP" SEGMENT CREATION IMMEDIATE 
  PCTFREE 10 PCTUSED 40 INITRANS 1 MAXTRANS 255 
 NOCOMPRESS LOGGING
  STORAGE(INITIAL 65536 NEXT 1048576 MINEXTENTS 1 MAXEXTENTS 2147483645
  PCTINCREASE 0 FREELISTS 1 FREELIST GROUPS 1
  BUFFER_POOL DEFAULT FLASH_CACHE DEFAULT CELL_FLASH_CACHE DEFAULT)
  TABLESPACE "DATA" ;
REM INSERTING into ADMIN.AR_INTERNAL_METADATA
SET DEFINE OFF;
Insert into ADMIN.AR_INTERNAL_METADATA (KEY,VALUE,CREATED_AT,UPDATED_AT) values ('environment','development',to_timestamp('19-05-14 14:47:51.357638000','RR-MM-DD HH24:MI:SSXFF'),to_timestamp('19-05-14 14:47:51.357638000','RR-MM-DD HH24:MI:SSXFF'));
REM INSERTING into ADMIN.MICROPOSTS
SET DEFINE OFF;
Insert into ADMIN.MICROPOSTS (ID,USER_ID,CREATED_AT,UPDATED_AT) values (1,4,to_timestamp('19-05-14 14:51:58.884369000','RR-MM-DD HH24:MI:SSXFF'),to_timestamp('19-05-14 14:51:58.884369000','RR-MM-DD HH24:MI:SSXFF'));
Insert into ADMIN.MICROPOSTS (ID,USER_ID,CREATED_AT,UPDATED_AT) values (2,2,to_timestamp('19-05-14 14:52:01.957470000','RR-MM-DD HH24:MI:SSXFF'),to_timestamp('19-05-14 14:52:01.957470000','RR-MM-DD HH24:MI:SSXFF'));
Insert into ADMIN.MICROPOSTS (ID,USER_ID,CREATED_AT,UPDATED_AT) values (3,1,to_timestamp('19-05-14 14:52:02.042193000','RR-MM-DD HH24:MI:SSXFF'),to_timestamp('19-05-14 14:52:02.042193000','RR-MM-DD HH24:MI:SSXFF'));
Insert into ADMIN.MICROPOSTS (ID,USER_ID,CREATED_AT,UPDATED_AT) values (4,8,to_timestamp('19-05-14 14:52:02.129957000','RR-MM-DD HH24:MI:SSXFF'),to_timestamp('19-05-14 14:52:02.129957000','RR-MM-DD HH24:MI:SSXFF'));
Insert into ADMIN.MICROPOSTS (ID,USER_ID,CREATED_AT,UPDATED_AT) values (5,8,to_timestamp('19-05-14 14:52:02.214598000','RR-MM-DD HH24:MI:SSXFF'),to_timestamp('19-05-14 14:52:02.214598000','RR-MM-DD HH24:MI:SSXFF'));
Insert into ADMIN.MICROPOSTS (ID,USER_ID,CREATED_AT,UPDATED_AT) values (6,9,to_timestamp('19-05-14 14:52:02.305553000','RR-MM-DD HH24:MI:SSXFF'),to_timestamp('19-05-14 14:52:02.305553000','RR-MM-DD HH24:MI:SSXFF'));
Insert into ADMIN.MICROPOSTS (ID,USER_ID,CREATED_AT,UPDATED_AT) values (7,4,to_timestamp('19-05-14 14:52:02.394423000','RR-MM-DD HH24:MI:SSXFF'),to_timestamp('19-05-14 14:52:02.394423000','RR-MM-DD HH24:MI:SSXFF'));
Insert into ADMIN.MICROPOSTS (ID,USER_ID,CREATED_AT,UPDATED_AT) values (8,10,to_timestamp('19-05-14 14:52:02.496311000','RR-MM-DD HH24:MI:SSXFF'),to_timestamp('19-05-14 14:52:02.496311000','RR-MM-DD HH24:MI:SSXFF'));
Insert into ADMIN.MICROPOSTS (ID,USER_ID,CREATED_AT,UPDATED_AT) values (9,8,to_timestamp('19-05-14 14:52:02.596733000','RR-MM-DD HH24:MI:SSXFF'),to_timestamp('19-05-14 14:52:02.596733000','RR-MM-DD HH24:MI:SSXFF'));
Insert into ADMIN.MICROPOSTS (ID,USER_ID,CREATED_AT,UPDATED_AT) values (10,5,to_timestamp('19-05-14 14:52:02.689148000','RR-MM-DD HH24:MI:SSXFF'),to_timestamp('19-05-14 14:52:02.689148000','RR-MM-DD HH24:MI:SSXFF'));
Insert into ADMIN.MICROPOSTS (ID,USER_ID,CREATED_AT,UPDATED_AT) values (11,2,to_timestamp('19-05-14 14:52:02.778769000','RR-MM-DD HH24:MI:SSXFF'),to_timestamp('19-05-14 14:52:02.778769000','RR-MM-DD HH24:MI:SSXFF'));
Insert into ADMIN.MICROPOSTS (ID,USER_ID,CREATED_AT,UPDATED_AT) values (12,1,to_timestamp('19-05-14 14:52:02.867061000','RR-MM-DD HH24:MI:SSXFF'),to_timestamp('19-05-14 14:52:02.867061000','RR-MM-DD HH24:MI:SSXFF'));
Insert into ADMIN.MICROPOSTS (ID,USER_ID,CREATED_AT,UPDATED_AT) values (13,9,to_timestamp('19-05-14 14:52:02.957605000','RR-MM-DD HH24:MI:SSXFF'),to_timestamp('19-05-14 14:52:02.957605000','RR-MM-DD HH24:MI:SSXFF'));
Insert into ADMIN.MICROPOSTS (ID,USER_ID,CREATED_AT,UPDATED_AT) values (14,4,to_timestamp('19-05-14 14:52:03.045689000','RR-MM-DD HH24:MI:SSXFF'),to_timestamp('19-05-14 14:52:03.045689000','RR-MM-DD HH24:MI:SSXFF'));
Insert into ADMIN.MICROPOSTS (ID,USER_ID,CREATED_AT,UPDATED_AT) values (15,4,to_timestamp('19-05-14 14:52:03.136422000','RR-MM-DD HH24:MI:SSXFF'),to_timestamp('19-05-14 14:52:03.136422000','RR-MM-DD HH24:MI:SSXFF'));
Insert into ADMIN.MICROPOSTS (ID,USER_ID,CREATED_AT,UPDATED_AT) values (16,5,to_timestamp('19-05-14 14:52:03.215809000','RR-MM-DD HH24:MI:SSXFF'),to_timestamp('19-05-14 14:52:03.215809000','RR-MM-DD HH24:MI:SSXFF'));
Insert into ADMIN.MICROPOSTS (ID,USER_ID,CREATED_AT,UPDATED_AT) values (17,4,to_timestamp('19-05-14 14:52:03.330148000','RR-MM-DD HH24:MI:SSXFF'),to_timestamp('19-05-14 14:52:03.330148000','RR-MM-DD HH24:MI:SSXFF'));
Insert into ADMIN.MICROPOSTS (ID,USER_ID,CREATED_AT,UPDATED_AT) values (18,10,to_timestamp('19-05-14 14:52:03.413785000','RR-MM-DD HH24:MI:SSXFF'),to_timestamp('19-05-14 14:52:03.413785000','RR-MM-DD HH24:MI:SSXFF'));
Insert into ADMIN.MICROPOSTS (ID,USER_ID,CREATED_AT,UPDATED_AT) values (19,1,to_timestamp('19-05-14 14:52:03.507933000','RR-MM-DD HH24:MI:SSXFF'),to_timestamp('19-05-14 14:52:03.507933000','RR-MM-DD HH24:MI:SSXFF'));
Insert into ADMIN.MICROPOSTS (ID,USER_ID,CREATED_AT,UPDATED_AT) values (20,4,to_timestamp('19-05-14 14:52:03.605200000','RR-MM-DD HH24:MI:SSXFF'),to_timestamp('19-05-14 14:52:03.605200000','RR-MM-DD HH24:MI:SSXFF'));
Insert into ADMIN.MICROPOSTS (ID,USER_ID,CREATED_AT,UPDATED_AT) values (21,6,to_timestamp('19-05-14 14:52:03.692724000','RR-MM-DD HH24:MI:SSXFF'),to_timestamp('19-05-14 14:52:03.692724000','RR-MM-DD HH24:MI:SSXFF'));
Insert into ADMIN.MICROPOSTS (ID,USER_ID,CREATED_AT,UPDATED_AT) values (22,7,to_timestamp('19-05-14 14:52:03.776670000','RR-MM-DD HH24:MI:SSXFF'),to_timestamp('19-05-14 14:52:03.776670000','RR-MM-DD HH24:MI:SSXFF'));
Insert into ADMIN.MICROPOSTS (ID,USER_ID,CREATED_AT,UPDATED_AT) values (23,8,to_timestamp('19-05-14 14:52:03.870803000','RR-MM-DD HH24:MI:SSXFF'),to_timestamp('19-05-14 14:52:03.870803000','RR-MM-DD HH24:MI:SSXFF'));
Insert into ADMIN.MICROPOSTS (ID,USER_ID,CREATED_AT,UPDATED_AT) values (24,7,to_timestamp('19-05-14 14:52:03.961812000','RR-MM-DD HH24:MI:SSXFF'),to_timestamp('19-05-14 14:52:03.961812000','RR-MM-DD HH24:MI:SSXFF'));
Insert into ADMIN.MICROPOSTS (ID,USER_ID,CREATED_AT,UPDATED_AT) values (25,10,to_timestamp('19-05-14 14:52:04.044672000','RR-MM-DD HH24:MI:SSXFF'),to_timestamp('19-05-14 14:52:04.044672000','RR-MM-DD HH24:MI:SSXFF'));
Insert into ADMIN.MICROPOSTS (ID,USER_ID,CREATED_AT,UPDATED_AT) values (26,3,to_timestamp('19-05-14 14:52:04.140213000','RR-MM-DD HH24:MI:SSXFF'),to_timestamp('19-05-14 14:52:04.140213000','RR-MM-DD HH24:MI:SSXFF'));
Insert into ADMIN.MICROPOSTS (ID,USER_ID,CREATED_AT,UPDATED_AT) values (27,4,to_timestamp('19-05-14 14:52:04.224961000','RR-MM-DD HH24:MI:SSXFF'),to_timestamp('19-05-14 14:52:04.224961000','RR-MM-DD HH24:MI:SSXFF'));
Insert into ADMIN.MICROPOSTS (ID,USER_ID,CREATED_AT,UPDATED_AT) values (28,10,to_timestamp('19-05-14 14:52:04.316154000','RR-MM-DD HH24:MI:SSXFF'),to_timestamp('19-05-14 14:52:04.316154000','RR-MM-DD HH24:MI:SSXFF'));
Insert into ADMIN.MICROPOSTS (ID,USER_ID,CREATED_AT,UPDATED_AT) values (29,7,to_timestamp('19-05-14 14:52:04.400753000','RR-MM-DD HH24:MI:SSXFF'),to_timestamp('19-05-14 14:52:04.400753000','RR-MM-DD HH24:MI:SSXFF'));
Insert into ADMIN.MICROPOSTS (ID,USER_ID,CREATED_AT,UPDATED_AT) values (30,4,to_timestamp('19-05-14 14:52:04.502024000','RR-MM-DD HH24:MI:SSXFF'),to_timestamp('19-05-14 14:52:04.502024000','RR-MM-DD HH24:MI:SSXFF'));
REM INSERTING into ADMIN.SCHEMA_MIGRATIONS
SET DEFINE OFF;
Insert into ADMIN.SCHEMA_MIGRATIONS (VERSION) values ('20190504142308');
Insert into ADMIN.SCHEMA_MIGRATIONS (VERSION) values ('20190504142646');
REM INSERTING into ADMIN.USERS
SET DEFINE OFF;
Insert into ADMIN.USERS (ID,NAME,EMAIL,CREATED_AT,UPDATED_AT) values (1,'奈良啓子','maire.jacobi@stoltenberg.info',to_timestamp('19-05-14 14:51:57.332892000','RR-MM-DD HH24:MI:SSXFF'),to_timestamp('19-05-14 14:51:57.332892000','RR-MM-DD HH24:MI:SSXFF'));
Insert into ADMIN.USERS (ID,NAME,EMAIL,CREATED_AT,UPDATED_AT) values (2,'馬場弥生','eugene@hartmann.us',to_timestamp('19-05-14 14:51:58.178102000','RR-MM-DD HH24:MI:SSXFF'),to_timestamp('19-05-14 14:51:58.178102000','RR-MM-DD HH24:MI:SSXFF'));
Insert into ADMIN.USERS (ID,NAME,EMAIL,CREATED_AT,UPDATED_AT) values (3,'郡貞子','giselle.mertz@bartellflatley.biz',to_timestamp('19-05-14 14:51:58.238223000','RR-MM-DD HH24:MI:SSXFF'),to_timestamp('19-05-14 14:51:58.238223000','RR-MM-DD HH24:MI:SSXFF'));
Insert into ADMIN.USERS (ID,NAME,EMAIL,CREATED_AT,UPDATED_AT) values (4,'岩切正一','britt@rohan.info',to_timestamp('19-05-14 14:51:58.292365000','RR-MM-DD HH24:MI:SSXFF'),to_timestamp('19-05-14 14:51:58.292365000','RR-MM-DD HH24:MI:SSXFF'));
Insert into ADMIN.USERS (ID,NAME,EMAIL,CREATED_AT,UPDATED_AT) values (5,'対馬巴','stella.bruen@roobgreenholt.biz',to_timestamp('19-05-14 14:51:58.346810000','RR-MM-DD HH24:MI:SSXFF'),to_timestamp('19-05-14 14:51:58.346810000','RR-MM-DD HH24:MI:SSXFF'));
Insert into ADMIN.USERS (ID,NAME,EMAIL,CREATED_AT,UPDATED_AT) values (6,'神田信子','shavonne@oga.biz',to_timestamp('19-05-14 14:51:58.409334000','RR-MM-DD HH24:MI:SSXFF'),to_timestamp('19-05-14 14:51:58.409334000','RR-MM-DD HH24:MI:SSXFF'));
Insert into ADMIN.USERS (ID,NAME,EMAIL,CREATED_AT,UPDATED_AT) values (7,'平尾遥','madge@glover.com',to_timestamp('19-05-14 14:51:58.463603000','RR-MM-DD HH24:MI:SSXFF'),to_timestamp('19-05-14 14:51:58.463603000','RR-MM-DD HH24:MI:SSXFF'));
Insert into ADMIN.USERS (ID,NAME,EMAIL,CREATED_AT,UPDATED_AT) values (8,'菅原芳子','tequila_reichert@jacobson.name',to_timestamp('19-05-14 14:51:58.516139000','RR-MM-DD HH24:MI:SSXFF'),to_timestamp('19-05-14 14:51:58.516139000','RR-MM-DD HH24:MI:SSXFF'));
Insert into ADMIN.USERS (ID,NAME,EMAIL,CREATED_AT,UPDATED_AT) values (9,'安達君子','krystin@prosacco.biz',to_timestamp('19-05-14 14:51:58.570081000','RR-MM-DD HH24:MI:SSXFF'),to_timestamp('19-05-14 14:51:58.570081000','RR-MM-DD HH24:MI:SSXFF'));
Insert into ADMIN.USERS (ID,NAME,EMAIL,CREATED_AT,UPDATED_AT) values (10,'遠藤翔平','tracey_moen@halvorson.ca',to_timestamp('19-05-14 14:51:58.622087000','RR-MM-DD HH24:MI:SSXFF'),to_timestamp('19-05-14 14:51:58.622087000','RR-MM-DD HH24:MI:SSXFF'));
--------------------------------------------------------
--  Constraints for Table USERS
--------------------------------------------------------

  ALTER TABLE "ADMIN"."USERS" MODIFY ("ID" NOT NULL ENABLE);
  ALTER TABLE "ADMIN"."USERS" MODIFY ("CREATED_AT" NOT NULL ENABLE);
  ALTER TABLE "ADMIN"."USERS" MODIFY ("UPDATED_AT" NOT NULL ENABLE);
  ALTER TABLE "ADMIN"."USERS" ADD PRIMARY KEY ("ID")
  USING INDEX PCTFREE 10 INITRANS 2 MAXTRANS 255 
  STORAGE(INITIAL 65536 NEXT 1048576 MINEXTENTS 1 MAXEXTENTS 2147483645
  PCTINCREASE 0 FREELISTS 1 FREELIST GROUPS 1
  BUFFER_POOL DEFAULT FLASH_CACHE DEFAULT CELL_FLASH_CACHE DEFAULT)
  TABLESPACE "DATA"  ENABLE;
--------------------------------------------------------
--  Constraints for Table MICROPOSTS
--------------------------------------------------------

  ALTER TABLE "ADMIN"."MICROPOSTS" MODIFY ("ID" NOT NULL ENABLE);
  ALTER TABLE "ADMIN"."MICROPOSTS" MODIFY ("CREATED_AT" NOT NULL ENABLE);
  ALTER TABLE "ADMIN"."MICROPOSTS" MODIFY ("UPDATED_AT" NOT NULL ENABLE);
  ALTER TABLE "ADMIN"."MICROPOSTS" ADD PRIMARY KEY ("ID")
  USING INDEX PCTFREE 10 INITRANS 2 MAXTRANS 255 
  STORAGE(INITIAL 65536 NEXT 1048576 MINEXTENTS 1 MAXEXTENTS 2147483645
  PCTINCREASE 0 FREELISTS 1 FREELIST GROUPS 1
  BUFFER_POOL DEFAULT FLASH_CACHE DEFAULT CELL_FLASH_CACHE DEFAULT)
  TABLESPACE "DATA"  ENABLE;
--------------------------------------------------------
--  Constraints for Table AR_INTERNAL_METADATA
--------------------------------------------------------

  ALTER TABLE "ADMIN"."AR_INTERNAL_METADATA" MODIFY ("KEY" NOT NULL ENABLE);
  ALTER TABLE "ADMIN"."AR_INTERNAL_METADATA" MODIFY ("CREATED_AT" NOT NULL ENABLE);
  ALTER TABLE "ADMIN"."AR_INTERNAL_METADATA" MODIFY ("UPDATED_AT" NOT NULL ENABLE);
  ALTER TABLE "ADMIN"."AR_INTERNAL_METADATA" ADD PRIMARY KEY ("KEY")
  USING INDEX PCTFREE 10 INITRANS 2 MAXTRANS 255 
  STORAGE(INITIAL 65536 NEXT 1048576 MINEXTENTS 1 MAXEXTENTS 2147483645
  PCTINCREASE 0 FREELISTS 1 FREELIST GROUPS 1
  BUFFER_POOL DEFAULT FLASH_CACHE DEFAULT CELL_FLASH_CACHE DEFAULT)
  TABLESPACE "DATA"  ENABLE;
--------------------------------------------------------
--  Constraints for Table SCHEMA_MIGRATIONS
--------------------------------------------------------

  ALTER TABLE "ADMIN"."SCHEMA_MIGRATIONS" MODIFY ("VERSION" NOT NULL ENABLE);
  ALTER TABLE "ADMIN"."SCHEMA_MIGRATIONS" ADD PRIMARY KEY ("VERSION")
  USING INDEX PCTFREE 10 INITRANS 2 MAXTRANS 255 
  STORAGE(INITIAL 65536 NEXT 1048576 MINEXTENTS 1 MAXEXTENTS 2147483645
  PCTINCREASE 0 FREELISTS 1 FREELIST GROUPS 1
  BUFFER_POOL DEFAULT FLASH_CACHE DEFAULT CELL_FLASH_CACHE DEFAULT)
  TABLESPACE "DATA"  ENABLE;
